{
  "project_info": {
    "project_number": "302263251805",
    "project_id": "scstitch-5ae62",
    "storage_bucket": "scstitch-5ae62.appspot.com"
  },
  "client": [
    {
      "client_info": {
        "mobilesdk_app_id": "1:302263251805:android:8d4becb989cf383c7f6eb4",
        "android_client_info": {
          "package_name": "com.example.scstitch"
        }
      },
      "oauth_client": [
        {
          "client_id": "302263251805-16s2ovttsr40mb4uqq5rpkes7tpt7tro.apps.googleusercontent.com",
          "client_type": 3
        }
      ],
      "api_key": [
        {
          "current_key": "AIzaSyB5rnKl5-KJaza0zo-OlvJcj-WnliSLwpw"
        }
      ],
      "services": {
        "appinvite_service": {
          "other_platform_oauth_client": [
            {
              "client_id": "302263251805-16s2ovttsr40mb4uqq5rpkes7tpt7tro.apps.googleusercontent.com",
              "client_type": 3
            }
          ]
        }
      }
    }
  ],
  "configuration_version": "1"
}